instrument_token,exchange_token,tradingsymbol,name,last_price,expiry,strike,tick_size,lot_size,instrument_type,segment,exchange,signal_3_1d,signal_3_7d,signal_3_31d
1459457,5701,CUB,CITY UNION BANK,0,,0,0.05,1,EQ,NSE,NSE,0,2.318865844,0.440230914
300545,1174,GNFC,GUJ NAR VAL FER & CHEM L,0,,0,0.05,1,EQ,NSE,NSE,0,1.843071049,0.086384015
2889473,11287,UPL,UPL,0,,0,0.05,1,EQ,NSE,NSE,0,1.456377735,-0.007346714
2800641,10940,DIVISLAB,DIVI S LABORATORIES,0,,0,0.05,1,EQ,NSE,NSE,0,1.420218811,0.342686036
2863105,11184,IDFCFIRSTB,IDFC FIRST BANK,0,,0,0.05,1,EQ,NSE,NSE,0,1.416697588,-0.148230578
1152769,4503,MPHASIS,MPHASIS,0,,0,0.05,1,EQ,NSE,NSE,0,1.404577885,0.091678785
6386689,24948,L&TFH,L&T FINANCE HOLDINGS,0,,0,0.05,1,EQ,NSE,NSE,0,1.386689342,0.033163981
4752385,18564,LTTS,L&T TECHNOLOGY SER..,0,,0,0.05,1,EQ,NSE,NSE,0,1.368877355,0.34459166
2953217,11536,TCS,TATA CONSULTANCY SERV LT,0,,0,0.05,1,EQ,NSE,NSE,0,1.272108003,0.179089331
784129,3063,VEDL,VEDANTA,0,,0,0.05,1,EQ,NSE,NSE,0,1.223804534,-0.240977449
4923905,19234,LAURUSLABS,LAURUS LABS,0,,0,0.05,1,EQ,NSE,NSE,0,1.223261165,-0.263510349
5533185,21614,ABCAPITAL,ADITYA BIRLA CAPITAL.,0,,0,0.05,1,EQ,NSE,NSE,0,1.166595968,-0.336940753
5436929,21238,AUBANK,AU SMALL FINANCE BANK,0,,0,0.05,1,EQ,NSE,NSE,0,1.151143499,-0.113480069
245249,958,ESCORTS,ESCORTS KUBOTA,0,,0,0.05,1,EQ,NSE,NSE,0,1.11807873,-0.037160551
2977281,11630,NTPC,NTPC,0,,0,0.05,1,EQ,NSE,NSE,0,1.111026633,0.153301103
1895937,7406,GLENMARK,GLENMARK PHARMACEUTICALS,0,,0,0.05,1,EQ,NSE,NSE,0,1.070631674,0.512144706
951809,3718,VOLTAS,VOLTAS,0,,0,0.05,1,EQ,NSE,NSE,0,1.057732057,0.171446147
60417,236,ASIANPAINT,ASIAN PAINTS,0,,0,0.05,1,EQ,NSE,NSE,0,1.052703384,0.271195821
1102337,4306,SHRIRAMFIN,SHRIRAM FINANCE,0,,0,0.05,1,EQ,NSE,NSE,0,1.010816106,0.059982669
2763265,10794,CANBK,CANARA BANK,0,,0,0.05,1,EQ,NSE,NSE,0,1.005768376,0.003082637
2622209,10243,SYNGENE,SYNGENE INTERNATIONAL,0,,0,0.05,1,EQ,NSE,NSE,0,0.99677826,0.157526276
1629185,6364,NATIONALUM,NATIONAL ALUMINIUM CO,0,,0,0.05,1,EQ,NSE,NSE,0,0.987229829,-0.023942315
2730497,10666,PNB,PUNJAB NATIONAL BANK,0,,0,0.05,1,EQ,NSE,NSE,0,0.981779733,-0.111604846
163073,637,CHAMBLFERT,CHAMBAL FERTILIZERS,0,,0,0.05,1,EQ,NSE,NSE,0,0.968617108,-0.058341925
87297,341,BALRAMCHIN,BALRAMPUR CHINI MILLS,0,,0,0.05,1,EQ,NSE,NSE,0,0.966312725,-0.175244039
1723649,6733,JINDALSTEL,JINDAL STEEL & POWER,0,,0,0.05,1,EQ,NSE,NSE,0,0.964902965,0.364787273
4376065,17094,CROMPTON,CROMPT GREA CON ELEC,0,,0,0.05,1,EQ,NSE,NSE,0,0.927310091,0.008015113
189185,739,COROMANDEL,COROMANDEL INTERNTL.,0,,0,0.05,1,EQ,NSE,NSE,0,0.921475583,-0.024442387
511233,1997,LICHSGFIN,LIC HOUSING FINANCE,0,,0,0.05,1,EQ,NSE,NSE,0,0.915787637,-0.048727996
341249,1333,HDFCBANK,HDFC BANK,0,,0,0.05,1,EQ,NSE,NSE,0,0.894521404,0.578902691
519937,2031,M&M,MAHINDRA & MAHINDRA,0,,0,0.05,1,EQ,NSE,NSE,0,0.872564657,0.085475232
3660545,14299,PFC,POWER FIN CORP.,0,,0,0.05,1,EQ,NSE,NSE,0,0.870671404,0.017672343
877057,3426,TATAPOWER,TATA POWER CO,0,,0,0.05,1,EQ,NSE,NSE,0,0.864566446,0.140531518
806401,3150,SIEMENS,SIEMENS,0,,0,0.05,1,EQ,NSE,NSE,0,0.838508753,0.419326888
758529,2963,SAIL,STEEL AUTHORITY OF INDIA,0,,0,0.05,1,EQ,NSE,NSE,0,0.828867158,0.025240494
3400961,13285,M&MFIN,M&M FIN. SERVICES,0,,0,0.05,1,EQ,NSE,NSE,0,0.796997349,0.00490432
3484417,13611,IRCTC,INDIAN RAIL TOUR CORP,0,,0,0.05,1,EQ,NSE,NSE,0,0.78930906,-0.15916638
149249,583,CANFINHOME,CAN FIN HOMES,0,,0,0.05,1,EQ,NSE,NSE,0,0.77123534,-0.217451213
3060993,11957,IDFC,IDFC,0,,0,0.05,1,EQ,NSE,NSE,0,0.770318654,-0.292607771
6054401,23650,MUTHOOTFIN,MUTHOOT FINANCE,0,,0,0.05,1,EQ,NSE,NSE,0,0.767113926,0.124195385
7982337,31181,MCX,MULTI COMMODITY EXCHANGE,0,,0,0.05,1,EQ,NSE,NSE,0,0.764906242,0.044670704
54273,212,ASHOKLEY,ASHOK LEYLAND,0,,0,0.05,1,EQ,NSE,NSE,0,0.754561825,-0.121153047
952577,3721,TATACOMM,TATA COMMUNICATIONS,0,,0,0.05,1,EQ,NSE,NSE,0,0.717124295,0.387293687
579329,2263,BANDHANBNK,BANDHAN BANK,0,,0,0.05,1,EQ,NSE,NSE,0,0.716325227,-0.776916242
3924993,15332,NMDC,NMDC.,0,,0,0.05,1,EQ,NSE,NSE,0,0.697251584,-0.274438264
558337,2181,BOSCHLTD,BOSCH,0,,0,0.05,1,EQ,NSE,NSE,0,0.697040109,-0.176867225
1076225,4204,MOTHERSON,SAMVRDHNA MTHRSN INTL,0,,0,0.05,1,EQ,NSE,NSE,0,0.686690294,0.354180381
4879617,19061,MANAPPURAM,MANAPPURAM FINANCE,0,,0,0.05,1,EQ,NSE,NSE,0,0.683539676,-0.260882968
4708097,18391,RBLBANK,RBL BANK,0,,0,0.05,1,EQ,NSE,NSE,0,0.67039079,-0.354686851
5181953,20242,OBEROIRLTY,OBEROI REALTY,0,,0,0.05,1,EQ,NSE,NSE,0,0.6495642,0.625209604
1793,7,AARTIIND,AARTI INDUSTRIES,0,,0,0.05,1,EQ,NSE,NSE,0,0.642648423,0.256066102
3039233,11872,GRANULES,GRANULES INDIA,0,,0,0.05,1,EQ,NSE,NSE,0,0.641672398,-0.240996544
4632577,18096,JUBLFOOD,JUBILANT FOODWORKS,0,,0,0.05,1,EQ,NSE,NSE,0,0.624163536,0.272523038
1790465,6994,BSOFT,BIRLASOFT,0,,0,0.05,1,EQ,NSE,NSE,0,0.607479571,0.115070442
5215745,20374,COALINDIA,COAL INDIA,0,,0,0.05,1,EQ,NSE,NSE,0,0.603307789,-0.106211279
3930881,15355,RECLTD,REC,0,,0,0.05,1,EQ,NSE,NSE,0,0.597225027,0.166941858
56321,220,IEX,INDIAN ENERGY EXC,0,,0,0.05,1,EQ,NSE,NSE,0,0.58930852,-0.401702388
5105409,19943,DEEPAKNTR,DEEPAK NITRITE,0,,0,0.05,1,EQ,NSE,NSE,0,0.578128558,-0.235777364
98049,383,BEL,BHARAT ELECTRONICS,0,,0,0.05,1,EQ,NSE,NSE,0,0.569549725,0.105948842
7707649,30108,ABFRL,ADITYA BIRLA FASHION & RT,0,,0,0.05,1,EQ,NSE,NSE,0,0.568525795,-0.742493391
5633,22,ACC,ACC,0,,0,0.05,1,EQ,NSE,NSE,0,0.568053,-0.113750311
108033,422,BHARATFORG,BHARAT FORGE,0,,0,0.05,1,EQ,NSE,NSE,0,0.5633929,-0.146782863
895745,3499,TATASTEEL,TATA STEEL,0,,0,0.05,1,EQ,NSE,NSE,0,0.534121158,0.169748437
387841,1515,INDIACEM,THE INDIA CEMENTS,0,,0,0.05,1,EQ,NSE,NSE,0,0.524557623,-0.30577544
3365633,13147,PVRINOX,PVR INOX,0,,0,0.05,1,EQ,NSE,NSE,0,0.509533175,-0.081053131
173057,676,EXIDEIND,EXIDE INDUSTRIES,0,,0,0.05,1,EQ,NSE,NSE,0,0.5077075,-0.037723557
387073,1512,INDHOTEL,THE INDIAN HOTELS CO.,0,,0,0.05,1,EQ,NSE,NSE,0,0.505562215,0.196305266
3397121,13270,JKCEMENT,JK CEMENT,0,,0,0.05,1,EQ,NSE,NSE,0,0.475763161,-0.529585626
589569,2303,HAL,HINDUSTAN AERONAUTICS,0,,0,0.05,1,EQ,NSE,NSE,0,0.474827625,0.210631625
112129,438,BHEL,BHEL,0,,0,0.05,1,EQ,NSE,NSE,0,0.444566184,-0.10784612
884737,3456,TATAMOTORS,TATA MOTORS,0,,0,0.05,1,EQ,NSE,NSE,0,0.438617567,0.081526871
67329,263,ATUL,ATUL,0,,0,0.05,1,EQ,NSE,NSE,0,0.424526565,-0.415425134
975873,3812,ZEEL,ZEE ENTERTAINMENT ENT,0,,0,0.05,1,EQ,NSE,NSE,0,0.3893066,-0.643912584
2955009,11543,COFORGE,COFORGE,0,,0,0.05,1,EQ,NSE,NSE,0,0.372731351,-0.422039534
175361,685,CHOLAFIN,CHOLAMANDALAM IN & FIN CO,0,,0,0.05,1,EQ,NSE,NSE,0,0.365692794,0.449141865
794369,3103,SHREECEM,SHREE CEMENT,0,,0,0.05,1,EQ,NSE,NSE,0,0.360091634,-0.148794766
969473,3787,WIPRO,WIPRO,0,,0,0.05,1,EQ,NSE,NSE,0,0.356219374,-0.206902333
2911489,11373,BIOCON,BIOCON,0,,0,0.05,1,EQ,NSE,NSE,0,0.349589261,-0.347759017
4592385,17939,HINDCOPPER,HINDUSTAN COPPER,0,,0,0.05,1,EQ,NSE,NSE,0,0.34035408,0.024857246
2745857,10726,INDIAMART,INDIAMART INTERMESH,0,,0,0.05,1,EQ,NSE,NSE,0,0.315436646,-0.179205156
2455041,9590,POLYCAB,POLYCAB INDIA,0,,0,0.05,1,EQ,NSE,NSE,0,0.310564974,0.11443685
779521,3045,SBIN,STATE BANK OF INDIA,0,,0,0.05,1,EQ,NSE,NSE,0,0.307101381,-0.212424048
1510401,5900,AXISBANK,AXIS BANK,0,,0,0.05,1,EQ,NSE,NSE,0,0.299786702,-0.119713938
7458561,29135,INDUSTOWER,INDUS TOWERS,0,,0,0.05,1,EQ,NSE,NSE,0,0.282474671,0.200273904
3465729,13538,TECHM,TECH MAHINDRA,0,,0,0.05,1,EQ,NSE,NSE,0,0.280235746,-0.011495236
81153,317,BAJFINANCE,BAJAJ FINANCE,0,,0,0.05,1,EQ,NSE,NSE,0,0.268379683,0.520289466
857857,3351,SUNPHARMA,SUN PHARMACEUTICAL IND L,0,,0,0.05,1,EQ,NSE,NSE,0,0.258758995,0.043755411
4576001,17875,GODREJPROP,GODREJ PROPERTIES,0,,0,0.05,1,EQ,NSE,NSE,0,0.257847378,-0.103861104
3001089,11723,JSWSTEEL,JSW STEEL,0,,0,0.05,1,EQ,NSE,NSE,0,0.257694757,-0.104216674
418049,1633,IPCALAB,IPCA LABORATORIES,0,,0,0.05,1,EQ,NSE,NSE,0,0.238150633,0.132009758
3431425,13404,SUNTV,SUN TV NETWORK,0,,0,0.05,1,EQ,NSE,NSE,0,0.230106042,-0.246451
1215745,4749,CONCOR,CONTAINER CORP OF IND,0,,0,0.05,1,EQ,NSE,NSE,0,0.211548319,-0.211232653
617473,2412,PEL,PIRAMAL ENTERPRISES,0,,0,0.05,1,EQ,NSE,NSE,0,0.208045624,-0.598578481
85761,335,BALKRISIND,BALKRISHNA IND.,0,,0,0.05,1,EQ,NSE,NSE,0,0.187978471,0.036918453
2905857,11351,PETRONET,PETRONET LNG,0,,0,0.05,1,EQ,NSE,NSE,0,0.171942007,-0.320234204
325121,1270,AMBUJACEM,AMBUJA CEMENTS,0,,0,0.05,1,EQ,NSE,NSE,0,0.15626106,0.033758685
4278529,16713,UBL,UNITED BREWERIES,0,,0,0.05,1,EQ,NSE,NSE,0,0.145253645,-0.12830415
2067201,8075,DALBHARAT,DALMIA BHARAT,0,,0,0.05,1,EQ,NSE,NSE,0,0.119151682,-0.072225978
70401,275,AUROPHARMA,AUROBINDO PHARMA,0,,0,0.05,1,EQ,NSE,NSE,0,0.093320724,0.166209798
3463169,13528,GMRINFRA,GMR AIRPORTS INFRA,0,,0,0.05,1,EQ,NSE,NSE,0,0.091341991,-0.45193632
4488705,17534,MGL,MAHANAGAR GAS.,0,,0,0.05,1,EQ,NSE,NSE,0,0.060479934,0.13440962
356865,1394,HINDUNILVR,HINDUSTAN UNILEVER.,0,,0,0.05,1,EQ,NSE,NSE,0,0.057785655,-0.177267247
2952193,11532,ULTRACEMCO,ULTRATECH CEMENT,0,,0,0.05,1,EQ,NSE,NSE,0,0.035420822,-0.249887567
5552641,21690,DIXON,DIXON TECHNO (INDIA),0,,0,0.05,1,EQ,NSE,NSE,0,0.009104243,-0.034335117
40193,157,APOLLOHOSP,APOLLO HOSPITALS ENTER. L,0,,0,0.05,1,EQ,NSE,NSE,0,0.00307497,0.191409235
1207553,4717,GAIL,GAIL (INDIA),0,,0,0.05,1,EQ,NSE,NSE,0,-0.021428571,-0.500486283
4600577,17971,SBICARD,SBI CARDS & PAY SER,0,,0,0.05,1,EQ,NSE,NSE,0,-0.022766499,-0.612913142
1850625,7229,HCLTECH,HCL TECHNOLOGIES,0,,0,0.05,1,EQ,NSE,NSE,0,-0.023715479,-0.244105199
2815745,10999,MARUTI,MARUTI SUZUKI INDIA.,0,,0,0.05,1,EQ,NSE,NSE,0,-0.040334104,0.287747526
2713345,10599,GUJGASLTD,GUJARAT GAS,0,,0,0.05,1,EQ,NSE,NSE,0,-0.041442448,-0.128224967
3329,13,ABB,ABB INDIA,0,,0,0.05,1,EQ,NSE,NSE,0,-0.043218225,0.165196308
261889,1023,FEDERALBNK,FEDERAL BANK,0,,0,0.05,1,EQ,NSE,NSE,0,-0.043650794,-0.526911428
6401,25,ADANIENT,ADANI ENTERPRISES,0,,0,0.05,1,EQ,NSE,NSE,0,-0.05179374,-0.386128848
2452737,9581,METROPOLIS,METROPOLIS HEALTHCARE,0,,0,0.05,1,EQ,NSE,NSE,0,-0.054120628,0.183576449
3677697,14366,IDEA,VODAFONE IDEA,0,,0,0.05,1,EQ,NSE,NSE,0,-0.061904762,-0.338709677
633601,2475,ONGC,OIL AND NATURAL GAS CORP.,0,,0,0.05,1,EQ,NSE,NSE,0,-0.072341555,0.057420976
2748929,10738,OFSS,ORACLE FIN SERV SOFT.,0,,0,0.05,1,EQ,NSE,NSE,0,-0.101197699,0.36495506
837889,3273,SRF,SRF,0,,0,0.05,1,EQ,NSE,NSE,0,-0.134310966,-0.046996584
134657,526,BPCL,BHARAT PETROLEUM CORP  LT,0,,0,0.05,1,EQ,NSE,NSE,0,-0.135871369,-0.300379985
2983425,11654,LALPATHLAB,DR. LAL PATH LABS.,0,,0,0.05,1,EQ,NSE,NSE,0,-0.137697968,-0.57048293
2939649,11483,LT,LARSEN & TOUBRO.,0,,0,0.05,1,EQ,NSE,NSE,0,-0.147303032,0.322198485
1270529,4963,ICICIBANK,ICICI BANK.,0,,0,0.05,1,EQ,NSE,NSE,0,-0.158805701,0.186812607
4561409,17818,LTIM,LTIMINDTREE,0,,0,0.05,1,EQ,NSE,NSE,0,-0.166916853,-0.360951053
4774913,18652,ICICIPRULI,ICICI PRU LIFE INS CO,0,,0,0.05,1,EQ,NSE,NSE,0,-0.17064742,-0.016363138
6191105,24184,PIIND,PI INDUSTRIES,0,,0,0.05,1,EQ,NSE,NSE,0,-0.178377602,0.243832142
197633,772,DABUR,DABUR INDIA,0,,0,0.05,1,EQ,NSE,NSE,0,-0.185966811,-0.232787194
4268801,16675,BAJAJFINSV,BAJAJ FINSERV.,0,,0,0.05,1,EQ,NSE,NSE,0,-0.198278256,0.029010851
1195009,4668,BANKBARODA,BANK OF BARODA,0,,0,0.05,1,EQ,NSE,NSE,0,-0.200204543,-0.257113141
548353,2142,MFSL,MAX FINANCIAL SERV,0,,0,0.05,1,EQ,NSE,NSE,0,-0.212228351,-0.266461648
3689729,14413,PAGEIND,PAGE INDUSTRIES,0,,0,0.05,1,EQ,NSE,NSE,0,-0.214820995,-0.304457654
3520257,13751,NAUKRI,INFO EDGE (I),0,,0,0.05,1,EQ,NSE,NSE,0,-0.240016254,0.335020974
315393,1232,GRASIM,GRASIM INDUSTRIES,0,,0,0.05,1,EQ,NSE,NSE,0,-0.247797008,0.056496073
3756033,14672,NAVINFLUOR,NAVIN FLUORINE INT.,0,,0,0.05,1,EQ,NSE,NSE,0,-0.253380206,-0.077539087
523009,2043,RAMCOCEM,THE RAMCO CEMENTS,0,,0,0.05,1,EQ,NSE,NSE,0,-0.268118595,-0.254141704
3876097,15141,COLPAL,COLGATE PALMOLIVE.,0,,0,0.05,1,EQ,NSE,NSE,0,-0.299390469,0.14063345
94977,371,BATAINDIA,BATA INDIA,0,,0,0.05,1,EQ,NSE,NSE,0,-0.308744062,-0.583274018
1346049,5258,INDUSINDBK,INDUSIND BANK,0,,0,0.05,1,EQ,NSE,NSE,0,-0.316945952,-0.116483885
2883073,11262,IGL,INDRAPRASTHA GAS,0,,0,0.05,1,EQ,NSE,NSE,0,-0.327944249,-0.141639694
415745,1624,IOC,INDIAN OIL CORP,0,,0,0.05,1,EQ,NSE,NSE,0,-0.344331066,-0.239215859
878593,3432,TATACONSUM,TATA CONSUMER PRODUCT,0,,0,0.05,1,EQ,NSE,NSE,0,-0.356156745,-0.565557301
681985,2664,PIDILITIND,PIDILITE INDUSTRIES,0,,0,0.05,1,EQ,NSE,NSE,0,-0.358587218,0.12094734
1041153,4067,MARICO,MARICO,0,,0,0.05,1,EQ,NSE,NSE,0,-0.367031236,-0.333828091
3861249,15083,ADANIPORTS,ADANI PORT & SEZ,0,,0,0.05,1,EQ,NSE,NSE,0,-0.402423369,-0.333589938
232961,910,EICHERMOT,EICHER MOTORS,0,,0,0.05,1,EQ,NSE,NSE,0,-0.405188665,-0.072405184
4701441,18365,PERSISTENT,PERSISTENT SYSTEMS,0,,0,0.05,1,EQ,NSE,NSE,0,-0.410268576,-0.278017141
3691009,14418,ASTRAL,ASTRAL,0,,0,0.05,1,EQ,NSE,NSE,0,-0.420957504,-0.301144231
871681,3405,TATACHEM,TATA CHEMICALS,0,,0,0.05,1,EQ,NSE,NSE,0,-0.444172603,0.023531762
486657,1901,CUMMINSIND,CUMMINS INDIA,0,,0,0.05,1,EQ,NSE,NSE,0,-0.446194816,0.094630198
3834113,14977,POWERGRID,POWER GRID CORP..,0,,0,0.05,1,EQ,NSE,NSE,0,-0.467919628,-0.028089401
408065,1594,INFY,INFOSYS,0,,0,0.05,1,EQ,NSE,NSE,0,-0.49533925,-0.34670247
119553,467,HDFCLIFE,HDFC LIFE INS CO,0,,0,0.05,1,EQ,NSE,NSE,0,-0.50367124,-0.236522873
897537,3506,TITAN,TITAN COMPANY,0,,0,0.05,1,EQ,NSE,NSE,0,-0.507644964,-0.149090166
103425,404,BERGEPAINT,BERGER PAINTS (I),0,,0,0.05,1,EQ,NSE,NSE,0,-0.527980928,-0.183003122
582913,2277,MRF,MRF,0,,0,0.05,1,EQ,NSE,NSE,0,-0.528324367,-0.70665397
4267265,16669,BAJAJ-AUTO,BAJAJ AUTO,0,,0,0.05,1,EQ,NSE,NSE,0,-0.54684388,0.255088933
348929,1363,HINDALCO,HINDALCO  INDUSTRIES ,0,,0,0.05,1,EQ,NSE,NSE,0,-0.547624208,0.020646994
424961,1660,ITC,ITC,0,,0,0.05,1,EQ,NSE,NSE,0,-0.554829932,-0.11809022
502785,1964,TRENT,TRENT,0,,0,0.05,1,EQ,NSE,NSE,0,-0.580780226,-0.219804886
41729,163,APOLLOTYRE,APOLLO TYRES,0,,0,0.05,1,EQ,NSE,NSE,0,-0.582703081,-0.665986006
2714625,10604,BHARTIARTL,BHARTI AIRTEL,0,,0,0.05,1,EQ,NSE,NSE,0,-0.588557028,0.152101248
900609,3518,TORNTPHARM,TORRENT PHARMACEUTICALS L,0,,0,0.05,1,EQ,NSE,NSE,0,-0.588617756,-0.41306265
738561,2885,RELIANCE,RELIANCE INDUSTRIES,0,,0,0.05,1,EQ,NSE,NSE,0,-0.597577322,-0.406395407
2513665,9819,HAVELLS,HAVELLS INDIA,0,,0,0.05,1,EQ,NSE,NSE,0,-0.625043126,-0.011233489
140033,547,BRITANNIA,BRITANNIA INDUSTRIES,0,,0,0.05,1,EQ,NSE,NSE,0,-0.642779552,-0.157838687
225537,881,DRREDDY,DR. REDDY S LABORATORIES,0,,0,0.05,1,EQ,NSE,NSE,0,-0.643122287,-0.332467984
359937,1406,HINDPETRO,HINDUSTAN PETROLEUM CORP,0,,0,0.05,1,EQ,NSE,NSE,0,-0.696815419,-0.400731767
4598529,17963,NESTLEIND,NESTLE INDIA,0,,0,0.05,1,EQ,NSE,NSE,0,-0.70192511,-0.020796806
4583169,17903,ABBOTINDIA,ABBOTT INDIA,0,,0,0.05,1,EQ,NSE,NSE,0,-0.73005386,-0.526942057
492033,1922,KOTAKBANK,KOTAK MAHINDRA BANK,0,,0,0.05,1,EQ,NSE,NSE,0,-0.750491671,0.136921577
2995969,11703,ALKEM,ALKEM LABORATORIES.,0,,0,0.05,1,EQ,NSE,NSE,0,-0.799115695,-0.532762965
2865921,11195,INDIGO,INTERGLOBE AVIATION,0,,0,0.05,1,EQ,NSE,NSE,0,-0.871605351,0.097682886
3771393,14732,DLF,DLF,0,,0,0.05,1,EQ,NSE,NSE,0,-0.881636729,-0.325851537
2674433,10447,MCDOWELL-N,UNITED SPIRITS,0,,0,0.05,1,EQ,NSE,NSE,0,-0.889617761,0.183038887
1086465,4244,HDFCAMC,HDFC AMC,0,,0,0.05,1,EQ,NSE,NSE,0,-0.940088724,-0.260586796
177665,694,CIPLA,CIPLA,0,,0,0.05,1,EQ,NSE,NSE,0,-0.977455447,-0.392094665
5582849,21808,SBILIFE,SBI LIFE INSURANCE CO,0,,0,0.05,1,EQ,NSE,NSE,0,-1.041523877,-0.218397022
2029825,7929,ZYDUSLIFE,ZYDUS LIFESCIENCES,0,,0,0.05,1,EQ,NSE,NSE,0,-1.049952076,-0.051419062
2585345,10099,GODREJCP,GODREJ CONSUMER PRODUCTS,0,,0,0.05,1,EQ,NSE,NSE,0,-1.058201525,-0.16627144
345089,1348,HEROMOTOCO,HERO MOTOCORP,0,,0,0.05,1,EQ,NSE,NSE,0,-1.164748898,-0.396942011
2672641,10440,LUPIN,LUPIN,0,,0,0.05,1,EQ,NSE,NSE,0,-1.285268362,-0.607565446
2170625,8479,TVSMOTOR,TVS MOTOR COMPANY ,0,,0,0.05,1,EQ,NSE,NSE,0,-1.438031594,-0.684543854
5573121,21770,ICICIGI,ICICI LOMBARD GIC,0,,0,0.05,1,EQ,NSE,NSE,0,-1.851697043,-0.438388947
