instrument_token,exchange_token,tradingsymbol,name,last_price,expiry,strike,tick_size,lot_size,instrument_type,segment,exchange,signal_3_1d,signal_3_7d,signal_3_31d
5181953,20242,OBEROIRLTY,OBEROI REALTY,0,,0,0.05,1,EQ,NSE,NSE,0,0.6495642004349916,0.6252096035758413
341249,1333,HDFCBANK,HDFC BANK,0,,0,0.05,1,EQ,NSE,NSE,0,0.8945214044785769,0.5789026905057849
81153,317,BAJFINANCE,BAJAJ FINANCE,0,,0,0.05,1,EQ,NSE,NSE,0,0.26837968284876146,0.5202894662575642
1895937,7406,GLENMARK,GLENMARK PHARMACEUTICALS,0,,0,0.05,1,EQ,NSE,NSE,0,1.0706316739527626,0.5121447055816918
175361,685,CHOLAFIN,CHOLAMANDALAM IN & FIN CO,0,,0,0.05,1,EQ,NSE,NSE,0,0.36569279413119526,0.44914186509068105
1459457,5701,CUB,CITY UNION BANK,0,,0,0.05,1,EQ,NSE,NSE,0,2.318865844210062,0.4402309140394425
806401,3150,SIEMENS,SIEMENS,0,,0,0.05,1,EQ,NSE,NSE,0,0.8385087528521262,0.41932688750738095
952577,3721,TATACOMM,TATA COMMUNICATIONS,0,,0,0.05,1,EQ,NSE,NSE,0,0.7171242947936797,0.38729368710000456
2748929,10738,OFSS,ORACLE FIN SERV SOFT.,0,,0,0.05,1,EQ,NSE,NSE,0,-0.10119769856581626,0.3649550604609897
1723649,6733,JINDALSTEL,JINDAL STEEL & POWER,0,,0,0.05,1,EQ,NSE,NSE,0,0.9649029649595747,0.36478727307451186
1076225,4204,MOTHERSON,SAMVRDHNA MTHRSN INTL,0,,0,0.05,1,EQ,NSE,NSE,0,0.6866902938331373,0.35418038055134665
4752385,18564,LTTS,L&T TECHNOLOGY SER..,0,,0,0.05,1,EQ,NSE,NSE,0,1.3688773549011464,0.3445916597588849
2800641,10940,DIVISLAB,DIVI S LABORATORIES,0,,0,0.05,1,EQ,NSE,NSE,0,1.4202188106508526,0.3426860355762305
3520257,13751,NAUKRI,INFO EDGE (I),0,,0,0.05,1,EQ,NSE,NSE,0,-0.24001625410494457,0.33502097435707573
2939649,11483,LT,LARSEN & TOUBRO.,0,,0,0.05,1,EQ,NSE,NSE,0,-0.14730303214973972,0.3221984851651338
2815745,10999,MARUTI,MARUTI SUZUKI INDIA.,0,,0,0.05,1,EQ,NSE,NSE,0,-0.0403341038073513,0.2877475258784123
4632577,18096,JUBLFOOD,JUBILANT FOODWORKS,0,,0,0.05,1,EQ,NSE,NSE,0,0.6241635363823116,0.2725230376031965
60417,236,ASIANPAINT,ASIAN PAINTS,0,,0,0.05,1,EQ,NSE,NSE,0,1.0527033843931493,0.27119582089791944
1793,7,AARTIIND,AARTI INDUSTRIES,0,,0,0.05,1,EQ,NSE,NSE,0,0.6426484230055648,0.25606610170751243
4267265,16669,BAJAJ-AUTO,BAJAJ AUTO,0,,0,0.05,1,EQ,NSE,NSE,0,-0.5468438801940144,0.2550889331729685
6191105,24184,PIIND,PI INDUSTRIES,0,,0,0.05,1,EQ,NSE,NSE,0,-0.17837760197025052,0.243832142078807
589569,2303,HAL,HINDUSTAN AERONAUTICS,0,,0,0.05,1,EQ,NSE,NSE,0,0.47482762495234493,0.2106316254962681
7458561,29135,INDUSTOWER,INDUS TOWERS,0,,0,0.05,1,EQ,NSE,NSE,0,0.28247467075036514,0.20027390407657464
387073,1512,INDHOTEL,THE INDIAN HOTELS CO.,0,,0,0.05,1,EQ,NSE,NSE,0,0.505562215354405,0.19630526557646158
40193,157,APOLLOHOSP,APOLLO HOSPITALS ENTER. L,0,,0,0.05,1,EQ,NSE,NSE,0,0.0030749700179741562,0.19140923453626058
1270529,4963,ICICIBANK,ICICI BANK.,0,,0,0.05,1,EQ,NSE,NSE,0,-0.15880570059181315,0.18681260735867655
2452737,9581,METROPOLIS,METROPOLIS HEALTHCARE,0,,0,0.05,1,EQ,NSE,NSE,0,-0.05412062844351181,0.183576448812369
2674433,10447,MCDOWELL-N,UNITED SPIRITS,0,,0,0.05,1,EQ,NSE,NSE,0,-0.8896177607102198,0.18303888724181508
2953217,11536,TCS,TATA CONSULTANCY SERV LT,0,,0,0.05,1,EQ,NSE,NSE,0,1.2721080033945553,0.17908933102444302
951809,3718,VOLTAS,VOLTAS,0,,0,0.05,1,EQ,NSE,NSE,0,1.0577320566211026,0.17144614728442092
895745,3499,TATASTEEL,TATA STEEL,0,,0,0.05,1,EQ,NSE,NSE,0,0.5341211583447806,0.16974843677543738
3930881,15355,RECLTD,REC,0,,0,0.05,1,EQ,NSE,NSE,0,0.5972250270465475,0.16694185753140886
70401,275,AUROPHARMA,AUROBINDO PHARMA,0,,0,0.05,1,EQ,NSE,NSE,0,0.09332072448417313,0.1662097975276289
3329,13,ABB,ABB INDIA,0,,0,0.05,1,EQ,NSE,NSE,0,-0.04321822522525465,0.16519630842812436
2622209,10243,SYNGENE,SYNGENE INTERNATIONAL,0,,0,0.05,1,EQ,NSE,NSE,0,0.9967782599205272,0.1575262756538707
2977281,11630,NTPC,NTPC,0,,0,0.05,1,EQ,NSE,NSE,0,1.1110266328753557,0.1533011032627281
2714625,10604,BHARTIARTL,BHARTI AIRTEL,0,,0,0.05,1,EQ,NSE,NSE,0,-0.5885570277380169,0.1521012477251079
3876097,15141,COLPAL,COLGATE PALMOLIVE.,0,,0,0.05,1,EQ,NSE,NSE,0,-0.2993904688847041,0.14063344982527526
877057,3426,TATAPOWER,TATA POWER CO,0,,0,0.05,1,EQ,NSE,NSE,0,0.8645664462120314,0.1405315179626911
492033,1922,KOTAKBANK,KOTAK MAHINDRA BANK,0,,0,0.05,1,EQ,NSE,NSE,0,-0.7504916708832603,0.1369215768154102
4488705,17534,MGL,MAHANAGAR GAS.,0,,0,0.05,1,EQ,NSE,NSE,0,0.06047993356132591,0.1344096196524244
418049,1633,IPCALAB,IPCA LABORATORIES,0,,0,0.05,1,EQ,NSE,NSE,0,0.23815063281937188,0.13200975826121425
6054401,23650,MUTHOOTFIN,MUTHOOT FINANCE,0,,0,0.05,1,EQ,NSE,NSE,0,0.7671139264095924,0.12419538547235155
681985,2664,PIDILITIND,PIDILITE INDUSTRIES,0,,0,0.05,1,EQ,NSE,NSE,0,-0.3585872175930684,0.12094734010323713
1790465,6994,BSOFT,BIRLASOFT,0,,0,0.05,1,EQ,NSE,NSE,0,0.6074795706096887,0.11507044244699555
2455041,9590,POLYCAB,POLYCAB INDIA,0,,0,0.05,1,EQ,NSE,NSE,0,0.3105649742578918,0.11443684997556959
98049,383,BEL,BHARAT ELECTRONICS,0,,0,0.05,1,EQ,NSE,NSE,0,0.5695497246517626,0.10594884161851736
2865921,11195,INDIGO,INTERGLOBE AVIATION,0,,0,0.05,1,EQ,NSE,NSE,0,-0.8716053514416953,0.09768288621997838
486657,1901,CUMMINSIND,CUMMINS INDIA,0,,0,0.05,1,EQ,NSE,NSE,0,-0.44619481568148733,0.09463019763598916
1152769,4503,MPHASIS,MPHASIS,0,,0,0.05,1,EQ,NSE,NSE,0,1.4045778846621886,0.09167878480357479
300545,1174,GNFC,GUJ NAR VAL FER & CHEM L,0,,0,0.05,1,EQ,NSE,NSE,0,1.8430710486604962,0.08638401457890015
519937,2031,M&M,MAHINDRA & MAHINDRA,0,,0,0.05,1,EQ,NSE,NSE,0,0.8725646566284743,0.08547523218029145
884737,3456,TATAMOTORS,TATA MOTORS,0,,0,0.05,1,EQ,NSE,NSE,0,0.43861756735133955,0.08152687061942449
1102337,4306,SHRIRAMFIN,SHRIRAM FINANCE,0,,0,0.05,1,EQ,NSE,NSE,0,1.0108161057980969,0.059982668862713015
633601,2475,ONGC,OIL AND NATURAL GAS CORP.,0,,0,0.05,1,EQ,NSE,NSE,0,-0.07234155476298922,0.05742097578503677
315393,1232,GRASIM,GRASIM INDUSTRIES,0,,0,0.05,1,EQ,NSE,NSE,0,-0.24779700835375196,0.056496073219575275
7982337,31181,MCX,MULTI COMMODITY EXCHANGE,0,,0,0.05,1,EQ,NSE,NSE,0,0.7649062422155454,0.04467070404355928
857857,3351,SUNPHARMA,SUN PHARMACEUTICAL IND L,0,,0,0.05,1,EQ,NSE,NSE,0,0.25875899516343553,0.04375541098881162
85761,335,BALKRISIND,BALKRISHNA IND.,0,,0,0.05,1,EQ,NSE,NSE,0,0.1879784713569503,0.03691845250868564
325121,1270,AMBUJACEM,AMBUJA CEMENTS,0,,0,0.05,1,EQ,NSE,NSE,0,0.15626106006145193,0.03375868518566659
6386689,24948,L&TFH,L&T FINANCE HOLDINGS,0,,0,0.05,1,EQ,NSE,NSE,0,1.3866893424035953,0.033163980678121
4268801,16675,BAJAJFINSV,BAJAJ FINSERV.,0,,0,0.05,1,EQ,NSE,NSE,0,-0.19827825621427506,0.029010850784599626
758529,2963,SAIL,STEEL AUTHORITY OF INDIA,0,,0,0.05,1,EQ,NSE,NSE,0,0.8288671579742851,0.025240494059091925
4592385,17939,HINDCOPPER,HINDUSTAN COPPER,0,,0,0.05,1,EQ,NSE,NSE,0,0.340354079585227,0.024857246035899092
871681,3405,TATACHEM,TATA CHEMICALS,0,,0,0.05,1,EQ,NSE,NSE,0,-0.44417260282072696,0.023531761555583088
348929,1363,HINDALCO,HINDALCO  INDUSTRIES ,0,,0,0.05,1,EQ,NSE,NSE,0,-0.5476242080091499,0.020646993584659372
3660545,14299,PFC,POWER FIN CORP.,0,,0,0.05,1,EQ,NSE,NSE,0,0.870671404439709,0.01767234302268087
4376065,17094,CROMPTON,CROMPT GREA CON ELEC,0,,0,0.05,1,EQ,NSE,NSE,0,0.9273100907029495,0.008015113095348308
3400961,13285,M&MFIN,M&M FIN. SERVICES,0,,0,0.05,1,EQ,NSE,NSE,0,0.7969973490885892,0.004904319838844282
2763265,10794,CANBK,CANARA BANK,0,,0,0.05,1,EQ,NSE,NSE,0,1.0057683764927423,0.003082636653816473
2889473,11287,UPL,UPL,0,,0,0.05,1,EQ,NSE,NSE,0,1.4563777350534928,-0.00734671405158203
2513665,9819,HAVELLS,HAVELLS INDIA,0,,0,0.05,1,EQ,NSE,NSE,0,-0.6250431262495242,-0.011233488622916678
3465729,13538,TECHM,TECH MAHINDRA,0,,0,0.05,1,EQ,NSE,NSE,0,0.2802357456140565,-0.011495235876532464
4774913,18652,ICICIPRULI,ICICI PRU LIFE INS CO,0,,0,0.05,1,EQ,NSE,NSE,0,-0.17064742041699535,-0.016363137966603974
4598529,17963,NESTLEIND,NESTLE INDIA,0,,0,0.05,1,EQ,NSE,NSE,0,-0.7019251103674348,-0.02079680614423786
1629185,6364,NATIONALUM,NATIONAL ALUMINIUM CO,0,,0,0.05,1,EQ,NSE,NSE,0,0.9872298286403226,-0.023942314737229343
189185,739,COROMANDEL,COROMANDEL INTERNTL.,0,,0,0.05,1,EQ,NSE,NSE,0,0.921475582654276,-0.02444238667772074
3834113,14977,POWERGRID,POWER GRID CORP..,0,,0,0.05,1,EQ,NSE,NSE,0,-0.46791962754227284,-0.028089400743120583
5552641,21690,DIXON,DIXON TECHNO (INDIA),0,,0,0.05,1,EQ,NSE,NSE,0,0.009104243333856494,-0.034335116963028614
245249,958,ESCORTS,ESCORTS KUBOTA,0,,0,0.05,1,EQ,NSE,NSE,0,1.118078730241362,-0.03716055058332066
173057,676,EXIDEIND,EXIDE INDUSTRIES,0,,0,0.05,1,EQ,NSE,NSE,0,0.5077074998734012,-0.03772355693529579
837889,3273,SRF,SRF,0,,0,0.05,1,EQ,NSE,NSE,0,-0.13431096622544336,-0.046996583704484514
511233,1997,LICHSGFIN,LIC HOUSING FINANCE,0,,0,0.05,1,EQ,NSE,NSE,0,0.9157876369935415,-0.048727995685065376
2029825,7929,ZYDUSLIFE,ZYDUS LIFESCIENCES,0,,0,0.05,1,EQ,NSE,NSE,0,-1.0499520763011563,-0.051419062499140494
163073,637,CHAMBLFERT,CHAMBAL FERTILIZERS,0,,0,0.05,1,EQ,NSE,NSE,0,0.9686171080537255,-0.058341925397618295
2067201,8075,DALBHARAT,DALMIA BHARAT,0,,0,0.05,1,EQ,NSE,NSE,0,0.11915168175201256,-0.0722259781612552
232961,910,EICHERMOT,EICHER MOTORS,0,,0,0.05,1,EQ,NSE,NSE,0,-0.40518866463011377,-0.07240518446349088
3756033,14672,NAVINFLUOR,NAVIN FLUORINE INT.,0,,0,0.05,1,EQ,NSE,NSE,0,-0.2533802062790139,-0.0775390871685362
3365633,13147,PVRINOX,PVR INOX,0,,0,0.05,1,EQ,NSE,NSE,0,0.5095331750007422,-0.08105313112912901
4576001,17875,GODREJPROP,GODREJ PROPERTIES,0,,0,0.05,1,EQ,NSE,NSE,0,0.2578473783505092,-0.10386110395327929
3001089,11723,JSWSTEEL,JSW STEEL,0,,0,0.05,1,EQ,NSE,NSE,0,0.25769475727868524,-0.1042166737681397
5215745,20374,COALINDIA,COAL INDIA,0,,0,0.05,1,EQ,NSE,NSE,0,0.6033077892046858,-0.10621127948286385
112129,438,BHEL,BHEL,0,,0,0.05,1,EQ,NSE,NSE,0,0.4445661837302653,-0.10784611964838396
2730497,10666,PNB,PUNJAB NATIONAL BANK,0,,0,0.05,1,EQ,NSE,NSE,0,0.9817797334244737,-0.11160484641972061
5436929,21238,AUBANK,AU SMALL FINANCE BANK,0,,0,0.05,1,EQ,NSE,NSE,0,1.1511434993577552,-0.1134800686496309
5633,22,ACC,ACC,0,,0,0.05,1,EQ,NSE,NSE,0,0.5680530002983499,-0.11375031124223728
1346049,5258,INDUSINDBK,INDUSIND BANK,0,,0,0.05,1,EQ,NSE,NSE,0,-0.3169459523532065,-0.11648388516809015
424961,1660,ITC,ITC,0,,0,0.05,1,EQ,NSE,NSE,0,-0.5548299319727606,-0.11809021964379662
1510401,5900,AXISBANK,AXIS BANK,0,,0,0.05,1,EQ,NSE,NSE,0,0.2997867022074778,-0.1197139375584529
54273,212,ASHOKLEY,ASHOK LEYLAND,0,,0,0.05,1,EQ,NSE,NSE,0,0.7545618247298947,-0.12115304682666414
2713345,10599,GUJGASLTD,GUJARAT GAS,0,,0,0.05,1,EQ,NSE,NSE,0,-0.04144244762582191,-0.12822496662374147
4278529,16713,UBL,UNITED BREWERIES,0,,0,0.05,1,EQ,NSE,NSE,0,0.14525364487367715,-0.12830415024919495
2883073,11262,IGL,INDRAPRASTHA GAS,0,,0,0.05,1,EQ,NSE,NSE,0,-0.32794424895263236,-0.14163969350495792
108033,422,BHARATFORG,BHARAT FORGE,0,,0,0.05,1,EQ,NSE,NSE,0,0.5633929003369168,-0.14678286277544936
2863105,11184,IDFCFIRSTB,IDFC FIRST BANK,0,,0,0.05,1,EQ,NSE,NSE,0,1.4166975881261377,-0.14823057766605865
794369,3103,SHREECEM,SHREE CEMENT,0,,0,0.05,1,EQ,NSE,NSE,0,0.3600916341090755,-0.14879476641783979
897537,3506,TITAN,TITAN COMPANY,0,,0,0.05,1,EQ,NSE,NSE,0,-0.5076449643811803,-0.14909016635361833
140033,547,BRITANNIA,BRITANNIA INDUSTRIES,0,,0,0.05,1,EQ,NSE,NSE,0,-0.6427795520372727,-0.15783868693640676
3484417,13611,IRCTC,INDIAN RAIL TOUR CORP,0,,0,0.05,1,EQ,NSE,NSE,0,0.7893090604023075,-0.15916637981419438
2585345,10099,GODREJCP,GODREJ CONSUMER PRODUCTS,0,,0,0.05,1,EQ,NSE,NSE,0,-1.0582015247152146,-0.1662714399418418
87297,341,BALRAMCHIN,BALRAMPUR CHINI MILLS,0,,0,0.05,1,EQ,NSE,NSE,0,0.9663127253871415,-0.1752440389607758
558337,2181,BOSCHLTD,BOSCH,0,,0,0.05,1,EQ,NSE,NSE,0,0.6970401085993914,-0.17686722472355132
356865,1394,HINDUNILVR,HINDUSTAN UNILEVER.,0,,0,0.05,1,EQ,NSE,NSE,0,0.05778565523115299,-0.17726724713816008
2745857,10726,INDIAMART,INDIAMART INTERMESH,0,,0,0.05,1,EQ,NSE,NSE,0,0.3154366462534271,-0.1792051560917291
103425,404,BERGEPAINT,BERGER PAINTS (I),0,,0,0.05,1,EQ,NSE,NSE,0,-0.5279809279877823,-0.18300312215210693
969473,3787,WIPRO,WIPRO,0,,0,0.05,1,EQ,NSE,NSE,0,0.3562193743618702,-0.20690233340286648
1215745,4749,CONCOR,CONTAINER CORP OF IND,0,,0,0.05,1,EQ,NSE,NSE,0,0.2115483187908302,-0.21123265253045778
779521,3045,SBIN,STATE BANK OF INDIA,0,,0,0.05,1,EQ,NSE,NSE,0,0.30710138145182286,-0.2124240481809966
149249,583,CANFINHOME,CAN FIN HOMES,0,,0,0.05,1,EQ,NSE,NSE,0,0.7712353398542041,-0.21745121328587735
5582849,21808,SBILIFE,SBI LIFE INSURANCE CO,0,,0,0.05,1,EQ,NSE,NSE,0,-1.041523877048129,-0.2183970218604712
502785,1964,TRENT,TRENT,0,,0,0.05,1,EQ,NSE,NSE,0,-0.5807802264545712,-0.21980488612655832
197633,772,DABUR,DABUR INDIA,0,,0,0.05,1,EQ,NSE,NSE,0,-0.18596681096678735,-0.2327871944015407
5105409,19943,DEEPAKNTR,DEEPAK NITRITE,0,,0,0.05,1,EQ,NSE,NSE,0,0.5781285576433276,-0.2357773635803881
119553,467,HDFCLIFE,HDFC LIFE INS CO,0,,0,0.05,1,EQ,NSE,NSE,0,-0.5036712397531286,-0.2365228725278185
415745,1624,IOC,INDIAN OIL CORP,0,,0,0.05,1,EQ,NSE,NSE,0,-0.34433106575965083,-0.23921585895575806
784129,3063,VEDL,VEDANTA,0,,0,0.05,1,EQ,NSE,NSE,0,1.2238045337830212,-0.24097744942198757
3039233,11872,GRANULES,GRANULES INDIA,0,,0,0.05,1,EQ,NSE,NSE,0,0.6416723983767623,-0.24099654445680577
1850625,7229,HCLTECH,HCL TECHNOLOGIES,0,,0,0.05,1,EQ,NSE,NSE,0,-0.023715478535230008,-0.2441051993747132
3431425,13404,SUNTV,SUN TV NETWORK,0,,0,0.05,1,EQ,NSE,NSE,0,0.23010604241697027,-0.2464510001577915
2952193,11532,ULTRACEMCO,ULTRATECH CEMENT,0,,0,0.05,1,EQ,NSE,NSE,0,0.03542082178291217,-0.24988756739028373
523009,2043,RAMCOCEM,THE RAMCO CEMENTS,0,,0,0.05,1,EQ,NSE,NSE,0,-0.2681185948413159,-0.25414170382566714
1195009,4668,BANKBARODA,BANK OF BARODA,0,,0,0.05,1,EQ,NSE,NSE,0,-0.20020454296208884,-0.25711314104301974
1086465,4244,HDFCAMC,HDFC AMC,0,,0,0.05,1,EQ,NSE,NSE,0,-0.9400887239424122,-0.2605867963264907
4879617,19061,MANAPPURAM,MANAPPURAM FINANCE,0,,0,0.05,1,EQ,NSE,NSE,0,0.683539676271235,-0.26088296808565825
4923905,19234,LAURUSLABS,LAURUS LABS,0,,0,0.05,1,EQ,NSE,NSE,0,1.2232611651313072,-0.2635103493077898
548353,2142,MFSL,MAX FINANCIAL SERV,0,,0,0.05,1,EQ,NSE,NSE,0,-0.21222835135879925,-0.2664616480866283
3924993,15332,NMDC,NMDC.,0,,0,0.05,1,EQ,NSE,NSE,0,0.697251584230126,-0.27443826413642114
4701441,18365,PERSISTENT,PERSISTENT SYSTEMS,0,,0,0.05,1,EQ,NSE,NSE,0,-0.41026857648652443,-0.27801714103292346
3060993,11957,IDFC,IDFC,0,,0,0.05,1,EQ,NSE,NSE,0,0.7703186537773027,-0.2926077711565226
134657,526,BPCL,BHARAT PETROLEUM CORP  LT,0,,0,0.05,1,EQ,NSE,NSE,0,-0.13587136856227233,-0.3003799845404167
3691009,14418,ASTRAL,ASTRAL,0,,0,0.05,1,EQ,NSE,NSE,0,-0.4209575042336476,-0.3011442308605234
3689729,14413,PAGEIND,PAGE INDUSTRIES,0,,0,0.05,1,EQ,NSE,NSE,0,-0.2148209951056415,-0.30445765393736796
387841,1515,INDIACEM,THE INDIA CEMENTS,0,,0,0.05,1,EQ,NSE,NSE,0,0.524557622771911,-0.305775440056871
2905857,11351,PETRONET,PETRONET LNG,0,,0,0.05,1,EQ,NSE,NSE,0,0.17194200705617746,-0.3202342039887745
3771393,14732,DLF,DLF,0,,0,0.05,1,EQ,NSE,NSE,0,-0.8816367292948775,-0.32585153724586563
225537,881,DRREDDY,DR. REDDY S LABORATORIES,0,,0,0.05,1,EQ,NSE,NSE,0,-0.64312228681334,-0.332467983922264
3861249,15083,ADANIPORTS,ADANI PORT & SEZ,0,,0,0.05,1,EQ,NSE,NSE,0,-0.40242336870970863,-0.3335899376999658
1041153,4067,MARICO,MARICO,0,,0,0.05,1,EQ,NSE,NSE,0,-0.36703123639213775,-0.3338280912479234
5533185,21614,ABCAPITAL,ADITYA BIRLA CAPITAL.,0,,0,0.05,1,EQ,NSE,NSE,0,1.1665959678890663,-0.33694075250738337
3677697,14366,IDEA,VODAFONE IDEA,0,,0,0.05,1,EQ,NSE,NSE,0,-0.06190476190475839,-0.3387096774193538
408065,1594,INFY,INFOSYS,0,,0,0.05,1,EQ,NSE,NSE,0,-0.49533925001942253,-0.3467024704489398
2911489,11373,BIOCON,BIOCON,0,,0,0.05,1,EQ,NSE,NSE,0,0.34958926066915635,-0.34775901693515643
4708097,18391,RBLBANK,RBL BANK,0,,0,0.05,1,EQ,NSE,NSE,0,0.6703907902368565,-0.35468685059782656
4561409,17818,LTIM,LTIMINDTREE,0,,0,0.05,1,EQ,NSE,NSE,0,-0.16691685287345917,-0.36095105306577013
6401,25,ADANIENT,ADANI ENTERPRISES,0,,0,0.05,1,EQ,NSE,NSE,0,-0.05179373972332334,-0.38612884800005
177665,694,CIPLA,CIPLA,0,,0,0.05,1,EQ,NSE,NSE,0,-0.9774554466198498,-0.3920946652515896
345089,1348,HEROMOTOCO,HERO MOTOCORP,0,,0,0.05,1,EQ,NSE,NSE,0,-1.1647488981220149,-0.3969420105767332
359937,1406,HINDPETRO,HINDUSTAN PETROLEUM CORP,0,,0,0.05,1,EQ,NSE,NSE,0,-0.6968154186239445,-0.40073176727788884
56321,220,IEX,INDIAN ENERGY EXC,0,,0,0.05,1,EQ,NSE,NSE,0,0.589308520343,-0.4017023880772033
738561,2885,RELIANCE,RELIANCE INDUSTRIES,0,,0,0.05,1,EQ,NSE,NSE,0,-0.5975773221622288,-0.40639540718321493
900609,3518,TORNTPHARM,TORRENT PHARMACEUTICALS L,0,,0,0.05,1,EQ,NSE,NSE,0,-0.5886177557260405,-0.41306265042894275
67329,263,ATUL,ATUL,0,,0,0.05,1,EQ,NSE,NSE,0,0.42452656450965265,-0.4154251341945281
2955009,11543,COFORGE,COFORGE,0,,0,0.05,1,EQ,NSE,NSE,0,0.37273135053984546,-0.4220395338792368
5573121,21770,ICICIGI,ICICI LOMBARD GIC,0,,0,0.05,1,EQ,NSE,NSE,0,-1.8516970431192945,-0.43838894713174126
3463169,13528,GMRINFRA,GMR AIRPORTS INFRA,0,,0,0.05,1,EQ,NSE,NSE,0,0.09134199134199084,-0.4519363200577597
1207553,4717,GAIL,GAIL (INDIA),0,,0,0.05,1,EQ,NSE,NSE,0,-0.021428571428575096,-0.5004862826676801
261889,1023,FEDERALBNK,FEDERAL BANK,0,,0,0.05,1,EQ,NSE,NSE,0,-0.04365079365081843,-0.526911428179143
4583169,17903,ABBOTINDIA,ABBOTT INDIA,0,,0,0.05,1,EQ,NSE,NSE,0,-0.7300538603999767,-0.5269420565814907
3397121,13270,JKCEMENT,JK CEMENT,0,,0,0.05,1,EQ,NSE,NSE,0,0.4757631605851916,-0.5295856255494293
2995969,11703,ALKEM,ALKEM LABORATORIES.,0,,0,0.05,1,EQ,NSE,NSE,0,-0.7991156953830693,-0.5327629645390621
878593,3432,TATACONSUM,TATA CONSUMER PRODUCT,0,,0,0.05,1,EQ,NSE,NSE,0,-0.35615674492779564,-0.5655573012792606
2983425,11654,LALPATHLAB,DR. LAL PATH LABS.,0,,0,0.05,1,EQ,NSE,NSE,0,-0.13769796810450372,-0.5704829299620532
94977,371,BATAINDIA,BATA INDIA,0,,0,0.05,1,EQ,NSE,NSE,0,-0.30874406188804693,-0.5832740183736443
617473,2412,PEL,PIRAMAL ENTERPRISES,0,,0,0.05,1,EQ,NSE,NSE,0,0.208045624264737,-0.5985784808844975
2672641,10440,LUPIN,LUPIN,0,,0,0.05,1,EQ,NSE,NSE,0,-1.2852683623094425,-0.6075654460694223
4600577,17971,SBICARD,SBI CARDS & PAY SER,0,,0,0.05,1,EQ,NSE,NSE,0,-0.022766498807316942,-0.61291314229043
975873,3812,ZEEL,ZEE ENTERTAINMENT ENT,0,,0,0.05,1,EQ,NSE,NSE,0,0.389306599832921,-0.6439125835573783
41729,163,APOLLOTYRE,APOLLO TYRES,0,,0,0.05,1,EQ,NSE,NSE,0,-0.582703081232475,-0.6659860055999366
2170625,8479,TVSMOTOR,TVS MOTOR COMPANY ,0,,0,0.05,1,EQ,NSE,NSE,0,-1.438031594446761,-0.6845438542777231
582913,2277,MRF,MRF,0,,0,0.05,1,EQ,NSE,NSE,0,-0.5283243667050772,-0.7066539703964939
7707649,30108,ABFRL,ADITYA BIRLA FASHION & RT,0,,0,0.05,1,EQ,NSE,NSE,0,0.5685257954113284,-0.7424933907884127
579329,2263,BANDHANBNK,BANDHAN BANK,0,,0,0.05,1,EQ,NSE,NSE,0,0.7163252274089736,-0.7769162424791258
